--
-- PostgreSQL database dump
--

\restrict 3wa6ZIH5JIVbgJc0TDZx6hXRgYtQBDqeFZBzKUPzyOZwXHDyyN1TRh9kRILi1hY

-- Dumped from database version 16.10 (Ubuntu 16.10-0ubuntu0.24.04.1)
-- Dumped by pg_dump version 16.10 (Ubuntu 16.10-0ubuntu0.24.04.1)

SET statement_timeout = 0;
SET lock_timeout = 0;
SET idle_in_transaction_session_timeout = 0;
SET client_encoding = 'UTF8';
SET standard_conforming_strings = on;
SELECT pg_catalog.set_config('search_path', '', false);
SET check_function_bodies = false;
SET xmloption = content;
SET client_min_messages = warning;
SET row_security = off;

SET default_tablespace = '';

SET default_table_access_method = heap;

--
-- Name: blog_admin; Type: TABLE; Schema: public; Owner: customizer
--

CREATE TABLE public.blog_admin (
    id bigint NOT NULL,
    name character varying(100),
    email character varying(254),
    password character varying(128),
    created_at timestamp with time zone,
    updated_at timestamp with time zone,
    is_active boolean NOT NULL,
    role character varying(20) NOT NULL
);


ALTER TABLE public.blog_admin OWNER TO customizer;

--
-- Name: admin_id_seq; Type: SEQUENCE; Schema: public; Owner: customizer
--

ALTER TABLE public.blog_admin ALTER COLUMN id ADD GENERATED BY DEFAULT AS IDENTITY (
    SEQUENCE NAME public.admin_id_seq
    START WITH 1
    INCREMENT BY 1
    NO MINVALUE
    NO MAXVALUE
    CACHE 1
);


--
-- Name: blog_article; Type: TABLE; Schema: public; Owner: customizer
--

CREATE TABLE public.blog_article (
    id bigint NOT NULL,
    title character varying(200),
    slug character varying(255),
    summary text,
    content text,
    status character varying(20) NOT NULL,
    created_at timestamp with time zone,
    updated_at timestamp with time zone,
    published_at timestamp with time zone,
    author_id bigint,
    is_featured boolean NOT NULL,
    showcase_image_id bigint,
    view_count integer NOT NULL,
    CONSTRAINT blog_article_view_count_check CHECK ((view_count >= 0))
);


ALTER TABLE public.blog_article OWNER TO customizer;

--
-- Name: article_id_seq; Type: SEQUENCE; Schema: public; Owner: customizer
--

ALTER TABLE public.blog_article ALTER COLUMN id ADD GENERATED BY DEFAULT AS IDENTITY (
    SEQUENCE NAME public.article_id_seq
    START WITH 1
    INCREMENT BY 1
    NO MINVALUE
    NO MAXVALUE
    CACHE 1
);


--
-- Name: blog_attachment; Type: TABLE; Schema: public; Owner: customizer
--

CREATE TABLE public.blog_attachment (
    id bigint NOT NULL,
    wording character varying(200),
    link character varying(500),
    file_path character varying(500),
    attachment_type character varying(20),
    created_at timestamp with time zone,
    article_id bigint,
    caption character varying(255),
    display_style character varying(20) NOT NULL,
    image_sizes jsonb
);


ALTER TABLE public.blog_attachment OWNER TO customizer;

--
-- Name: attachment_id_seq; Type: SEQUENCE; Schema: public; Owner: customizer
--

ALTER TABLE public.blog_attachment ALTER COLUMN id ADD GENERATED BY DEFAULT AS IDENTITY (
    SEQUENCE NAME public.attachment_id_seq
    START WITH 1
    INCREMENT BY 1
    NO MINVALUE
    NO MAXVALUE
    CACHE 1
);


--
-- Name: auth_group; Type: TABLE; Schema: public; Owner: customizer
--

CREATE TABLE public.auth_group (
    id integer NOT NULL,
    name character varying(150) NOT NULL
);


ALTER TABLE public.auth_group OWNER TO customizer;

--
-- Name: auth_group_id_seq; Type: SEQUENCE; Schema: public; Owner: customizer
--

ALTER TABLE public.auth_group ALTER COLUMN id ADD GENERATED BY DEFAULT AS IDENTITY (
    SEQUENCE NAME public.auth_group_id_seq
    START WITH 1
    INCREMENT BY 1
    NO MINVALUE
    NO MAXVALUE
    CACHE 1
);


--
-- Name: auth_group_permissions; Type: TABLE; Schema: public; Owner: customizer
--

CREATE TABLE public.auth_group_permissions (
    id bigint NOT NULL,
    group_id integer NOT NULL,
    permission_id integer NOT NULL
);


ALTER TABLE public.auth_group_permissions OWNER TO customizer;

--
-- Name: auth_group_permissions_id_seq; Type: SEQUENCE; Schema: public; Owner: customizer
--

ALTER TABLE public.auth_group_permissions ALTER COLUMN id ADD GENERATED BY DEFAULT AS IDENTITY (
    SEQUENCE NAME public.auth_group_permissions_id_seq
    START WITH 1
    INCREMENT BY 1
    NO MINVALUE
    NO MAXVALUE
    CACHE 1
);


--
-- Name: auth_permission; Type: TABLE; Schema: public; Owner: customizer
--

CREATE TABLE public.auth_permission (
    id integer NOT NULL,
    name character varying(255) NOT NULL,
    content_type_id integer NOT NULL,
    codename character varying(100) NOT NULL
);


ALTER TABLE public.auth_permission OWNER TO customizer;

--
-- Name: auth_permission_id_seq; Type: SEQUENCE; Schema: public; Owner: customizer
--

ALTER TABLE public.auth_permission ALTER COLUMN id ADD GENERATED BY DEFAULT AS IDENTITY (
    SEQUENCE NAME public.auth_permission_id_seq
    START WITH 1
    INCREMENT BY 1
    NO MINVALUE
    NO MAXVALUE
    CACHE 1
);


--
-- Name: auth_user; Type: TABLE; Schema: public; Owner: customizer
--

CREATE TABLE public.auth_user (
    id integer NOT NULL,
    password character varying(128) NOT NULL,
    last_login timestamp with time zone,
    is_superuser boolean NOT NULL,
    username character varying(150) NOT NULL,
    first_name character varying(150) NOT NULL,
    last_name character varying(150) NOT NULL,
    email character varying(254) NOT NULL,
    is_staff boolean NOT NULL,
    is_active boolean NOT NULL,
    date_joined timestamp with time zone NOT NULL
);


ALTER TABLE public.auth_user OWNER TO customizer;

--
-- Name: auth_user_groups; Type: TABLE; Schema: public; Owner: customizer
--

CREATE TABLE public.auth_user_groups (
    id bigint NOT NULL,
    user_id integer NOT NULL,
    group_id integer NOT NULL
);


ALTER TABLE public.auth_user_groups OWNER TO customizer;

--
-- Name: auth_user_groups_id_seq; Type: SEQUENCE; Schema: public; Owner: customizer
--

ALTER TABLE public.auth_user_groups ALTER COLUMN id ADD GENERATED BY DEFAULT AS IDENTITY (
    SEQUENCE NAME public.auth_user_groups_id_seq
    START WITH 1
    INCREMENT BY 1
    NO MINVALUE
    NO MAXVALUE
    CACHE 1
);


--
-- Name: auth_user_id_seq; Type: SEQUENCE; Schema: public; Owner: customizer
--

ALTER TABLE public.auth_user ALTER COLUMN id ADD GENERATED BY DEFAULT AS IDENTITY (
    SEQUENCE NAME public.auth_user_id_seq
    START WITH 1
    INCREMENT BY 1
    NO MINVALUE
    NO MAXVALUE
    CACHE 1
);


--
-- Name: auth_user_user_permissions; Type: TABLE; Schema: public; Owner: customizer
--

CREATE TABLE public.auth_user_user_permissions (
    id bigint NOT NULL,
    user_id integer NOT NULL,
    permission_id integer NOT NULL
);


ALTER TABLE public.auth_user_user_permissions OWNER TO customizer;

--
-- Name: auth_user_user_permissions_id_seq; Type: SEQUENCE; Schema: public; Owner: customizer
--

ALTER TABLE public.auth_user_user_permissions ALTER COLUMN id ADD GENERATED BY DEFAULT AS IDENTITY (
    SEQUENCE NAME public.auth_user_user_permissions_id_seq
    START WITH 1
    INCREMENT BY 1
    NO MINVALUE
    NO MAXVALUE
    CACHE 1
);


--
-- Name: blog_article_categories; Type: TABLE; Schema: public; Owner: customizer
--

CREATE TABLE public.blog_article_categories (
    id bigint NOT NULL,
    article_id bigint NOT NULL,
    category_id bigint NOT NULL
);


ALTER TABLE public.blog_article_categories OWNER TO customizer;

--
-- Name: blog_article_categories_id_seq; Type: SEQUENCE; Schema: public; Owner: customizer
--

ALTER TABLE public.blog_article_categories ALTER COLUMN id ADD GENERATED BY DEFAULT AS IDENTITY (
    SEQUENCE NAME public.blog_article_categories_id_seq
    START WITH 1
    INCREMENT BY 1
    NO MINVALUE
    NO MAXVALUE
    CACHE 1
);


--
-- Name: blog_category; Type: TABLE; Schema: public; Owner: customizer
--

CREATE TABLE public.blog_category (
    id bigint NOT NULL,
    name character varying(100) NOT NULL,
    slug character varying(120),
    created_at timestamp with time zone
);


ALTER TABLE public.blog_category OWNER TO customizer;

--
-- Name: blog_category_id_seq; Type: SEQUENCE; Schema: public; Owner: customizer
--

ALTER TABLE public.blog_category ALTER COLUMN id ADD GENERATED BY DEFAULT AS IDENTITY (
    SEQUENCE NAME public.blog_category_id_seq
    START WITH 1
    INCREMENT BY 1
    NO MINVALUE
    NO MAXVALUE
    CACHE 1
);


--
-- Name: blog_comment; Type: TABLE; Schema: public; Owner: customizer
--

CREATE TABLE public.blog_comment (
    id bigint NOT NULL,
    user_name character varying(100) NOT NULL,
    user_email character varying(254) NOT NULL,
    content text NOT NULL,
    created_at timestamp with time zone NOT NULL,
    is_approved boolean NOT NULL,
    article_id bigint NOT NULL
);


ALTER TABLE public.blog_comment OWNER TO customizer;

--
-- Name: blog_comment_id_seq; Type: SEQUENCE; Schema: public; Owner: customizer
--

ALTER TABLE public.blog_comment ALTER COLUMN id ADD GENERATED BY DEFAULT AS IDENTITY (
    SEQUENCE NAME public.blog_comment_id_seq
    START WITH 1
    INCREMENT BY 1
    NO MINVALUE
    NO MAXVALUE
    CACHE 1
);


--
-- Name: blog_like; Type: TABLE; Schema: public; Owner: customizer
--

CREATE TABLE public.blog_like (
    id bigint NOT NULL,
    created_at timestamp with time zone NOT NULL,
    article_id bigint NOT NULL,
    user_id bigint NOT NULL
);


ALTER TABLE public.blog_like OWNER TO customizer;

--
-- Name: blog_like_id_seq; Type: SEQUENCE; Schema: public; Owner: customizer
--

ALTER TABLE public.blog_like ALTER COLUMN id ADD GENERATED BY DEFAULT AS IDENTITY (
    SEQUENCE NAME public.blog_like_id_seq
    START WITH 1
    INCREMENT BY 1
    NO MINVALUE
    NO MAXVALUE
    CACHE 1
);


--
-- Name: blog_user; Type: TABLE; Schema: public; Owner: customizer
--

CREATE TABLE public.blog_user (
    id bigint NOT NULL,
    name character varying(100),
    email character varying(254),
    subscribed_at timestamp with time zone,
    is_active boolean NOT NULL
);


ALTER TABLE public.blog_user OWNER TO customizer;

--
-- Name: django_admin_log; Type: TABLE; Schema: public; Owner: customizer
--

CREATE TABLE public.django_admin_log (
    id integer NOT NULL,
    action_time timestamp with time zone NOT NULL,
    object_id text,
    object_repr character varying(200) NOT NULL,
    action_flag smallint NOT NULL,
    change_message text NOT NULL,
    content_type_id integer,
    user_id integer NOT NULL,
    CONSTRAINT django_admin_log_action_flag_check CHECK ((action_flag >= 0))
);


ALTER TABLE public.django_admin_log OWNER TO customizer;

--
-- Name: django_admin_log_id_seq; Type: SEQUENCE; Schema: public; Owner: customizer
--

ALTER TABLE public.django_admin_log ALTER COLUMN id ADD GENERATED BY DEFAULT AS IDENTITY (
    SEQUENCE NAME public.django_admin_log_id_seq
    START WITH 1
    INCREMENT BY 1
    NO MINVALUE
    NO MAXVALUE
    CACHE 1
);


--
-- Name: django_content_type; Type: TABLE; Schema: public; Owner: customizer
--

CREATE TABLE public.django_content_type (
    id integer NOT NULL,
    app_label character varying(100) NOT NULL,
    model character varying(100) NOT NULL
);


ALTER TABLE public.django_content_type OWNER TO customizer;

--
-- Name: django_content_type_id_seq; Type: SEQUENCE; Schema: public; Owner: customizer
--

ALTER TABLE public.django_content_type ALTER COLUMN id ADD GENERATED BY DEFAULT AS IDENTITY (
    SEQUENCE NAME public.django_content_type_id_seq
    START WITH 1
    INCREMENT BY 1
    NO MINVALUE
    NO MAXVALUE
    CACHE 1
);


--
-- Name: django_migrations; Type: TABLE; Schema: public; Owner: customizer
--

CREATE TABLE public.django_migrations (
    id bigint NOT NULL,
    app character varying(255) NOT NULL,
    name character varying(255) NOT NULL,
    applied timestamp with time zone NOT NULL
);


ALTER TABLE public.django_migrations OWNER TO customizer;

--
-- Name: django_migrations_id_seq; Type: SEQUENCE; Schema: public; Owner: customizer
--

ALTER TABLE public.django_migrations ALTER COLUMN id ADD GENERATED BY DEFAULT AS IDENTITY (
    SEQUENCE NAME public.django_migrations_id_seq
    START WITH 1
    INCREMENT BY 1
    NO MINVALUE
    NO MAXVALUE
    CACHE 1
);


--
-- Name: django_session; Type: TABLE; Schema: public; Owner: customizer
--

CREATE TABLE public.django_session (
    session_key character varying(40) NOT NULL,
    session_data text NOT NULL,
    expire_date timestamp with time zone NOT NULL
);


ALTER TABLE public.django_session OWNER TO customizer;

--
-- Name: nursery_contactmessage; Type: TABLE; Schema: public; Owner: customizer
--

CREATE TABLE public.nursery_contactmessage (
    id bigint NOT NULL,
    name character varying(200) NOT NULL,
    email character varying(254) NOT NULL,
    phone character varying(50),
    message text NOT NULL,
    created_at timestamp with time zone NOT NULL,
    is_read boolean NOT NULL
);


ALTER TABLE public.nursery_contactmessage OWNER TO customizer;

--
-- Name: nursery_contactmessage_id_seq; Type: SEQUENCE; Schema: public; Owner: customizer
--

ALTER TABLE public.nursery_contactmessage ALTER COLUMN id ADD GENERATED BY DEFAULT AS IDENTITY (
    SEQUENCE NAME public.nursery_contactmessage_id_seq
    START WITH 1
    INCREMENT BY 1
    NO MINVALUE
    NO MAXVALUE
    CACHE 1
);


--
-- Name: user_id_seq; Type: SEQUENCE; Schema: public; Owner: customizer
--

ALTER TABLE public.blog_user ALTER COLUMN id ADD GENERATED BY DEFAULT AS IDENTITY (
    SEQUENCE NAME public.user_id_seq
    START WITH 1
    INCREMENT BY 1
    NO MINVALUE
    NO MAXVALUE
    CACHE 1
);


--
-- Data for Name: auth_group; Type: TABLE DATA; Schema: public; Owner: customizer
--

COPY public.auth_group (id, name) FROM stdin;
\.


--
-- Data for Name: auth_group_permissions; Type: TABLE DATA; Schema: public; Owner: customizer
--

COPY public.auth_group_permissions (id, group_id, permission_id) FROM stdin;
\.


--
-- Data for Name: auth_permission; Type: TABLE DATA; Schema: public; Owner: customizer
--

COPY public.auth_permission (id, name, content_type_id, codename) FROM stdin;
1	Can add log entry	1	add_logentry
2	Can change log entry	1	change_logentry
3	Can delete log entry	1	delete_logentry
4	Can view log entry	1	view_logentry
5	Can add permission	2	add_permission
6	Can change permission	2	change_permission
7	Can delete permission	2	delete_permission
8	Can view permission	2	view_permission
9	Can add group	3	add_group
10	Can change group	3	change_group
11	Can delete group	3	delete_group
12	Can view group	3	view_group
13	Can add user	4	add_user
14	Can change user	4	change_user
15	Can delete user	4	delete_user
16	Can view user	4	view_user
17	Can add content type	5	add_contenttype
18	Can change content type	5	change_contenttype
19	Can delete content type	5	delete_contenttype
20	Can view content type	5	view_contenttype
21	Can add session	6	add_session
22	Can change session	6	change_session
23	Can delete session	6	delete_session
24	Can view session	6	view_session
25	Can add admin	7	add_admin
26	Can change admin	7	change_admin
27	Can delete admin	7	delete_admin
28	Can view admin	7	view_admin
29	Can add user	8	add_user
30	Can change user	8	change_user
31	Can delete user	8	delete_user
32	Can view user	8	view_user
33	Can add article	9	add_article
34	Can change article	9	change_article
35	Can delete article	9	delete_article
36	Can view article	9	view_article
37	Can add attachment	10	add_attachment
38	Can change attachment	10	change_attachment
39	Can delete attachment	10	delete_attachment
40	Can view attachment	10	view_attachment
41	Can add comment	11	add_comment
42	Can change comment	11	change_comment
43	Can delete comment	11	delete_comment
44	Can view comment	11	view_comment
45	Can add like	12	add_like
46	Can change like	12	change_like
47	Can delete like	12	delete_like
48	Can view like	12	view_like
49	Can add category	13	add_category
50	Can change category	13	change_category
51	Can delete category	13	delete_category
52	Can view category	13	view_category
53	Can add Message de contact	14	add_contactmessage
54	Can change Message de contact	14	change_contactmessage
55	Can delete Message de contact	14	delete_contactmessage
56	Can view Message de contact	14	view_contactmessage
\.


--
-- Data for Name: auth_user; Type: TABLE DATA; Schema: public; Owner: customizer
--

COPY public.auth_user (id, password, last_login, is_superuser, username, first_name, last_name, email, is_staff, is_active, date_joined) FROM stdin;
\.


--
-- Data for Name: auth_user_groups; Type: TABLE DATA; Schema: public; Owner: customizer
--

COPY public.auth_user_groups (id, user_id, group_id) FROM stdin;
\.


--
-- Data for Name: auth_user_user_permissions; Type: TABLE DATA; Schema: public; Owner: customizer
--

COPY public.auth_user_user_permissions (id, user_id, permission_id) FROM stdin;
\.


--
-- Data for Name: blog_admin; Type: TABLE DATA; Schema: public; Owner: customizer
--

COPY public.blog_admin (id, name, email, password, created_at, updated_at, is_active, role) FROM stdin;
1	Franck Yoteu	franckyoteu.62@gmail.com	pbkdf2_sha256$1000000$ZKGoA02HGewSZLYzRzh8ix$rAv8NtLsz6t/hVAaUHRvdulYrMqAQ7YiUeHFcJP4LQQ=	2025-10-12 05:09:53.373711+01	2025-10-12 05:09:53.373729+01	t	admin
\.


--
-- Data for Name: blog_article; Type: TABLE DATA; Schema: public; Owner: customizer
--

COPY public.blog_article (id, title, slug, summary, content, status, created_at, updated_at, published_at, author_id, is_featured, showcase_image_id, view_count) FROM stdin;
1	school resumption	school-resumption	Welcoming environment, happy students and feast atmosphere.	<blockquote><h1><span class="text-huge" style="background-color:hsl(30,75%,60%);"><strong>The School resumption&nbsp;</strong></span></h1></blockquote><h3 style="text-align:center;">A loving moment that involves all the students</h3><figure class="image image-style-align-center"><img style="aspect-ratio:600/400;" src="/media/BeFunky-collage-daycare-contact.png" width="600" height="400"></figure><p style="text-align:justify;">Lorem ipsum dolor sit amet, consectetur adipiscing elit. Sed quis fermentum ante. Cras maximus in diam eu tristique. Aenean quis nisi nibh. Nam sed est a nunc sagittis fringilla sed sed diam. Suspendisse dapibus elit eget sapien fringilla facilisis. Integer a vulputate libero. Donec risus ipsum, vulputate porta eleifend at, malesuada nec sem. Aliquam dolor dolor, fringilla vitae tellus quis, dignissim rutrum mauris. Quisque sed quam ac nunc accumsan vestibulum sit amet vitae urna. Aenean vestibulum egestas dui. Donec ut cursus velit.</p><p style="text-align:justify;">Etiam quis velit commodo, egestas mi in, convallis elit. Nulla facilisi. Quisque mollis odio in lacus rutrum lacinia. Etiam a ornare nisl. Phasellus nulla diam, porta volutpat sollicitudin ac, sollicitudin quis mauris. Proin vitae nulla pellentesque, pharetra metus sed, ultrices sapien. Morbi quis arcu tortor. Maecenas blandit viverra ex vel vehicula. Nam iaculis mauris neque, sed rhoncus metus malesuada ut.</p><p style="text-align:justify;">Vivamus dui tortor, feugiat sed venenatis eu, hendrerit in arcu. Mauris vulputate consequat erat ac blandit. Proin dui tellus, euismod ac scelerisque at, tempor id dui. Class aptent taciti sociosqu ad litora torquent per conubia nostra, per inceptos himenaeos. Etiam pulvinar metus vitae nunc tincidunt, eu blandit ante dignissim. Aliquam tellus nunc, dictum vel ex id, congue imperdiet enim. Aliquam ligula nibh, sollicitudin ut nunc sed, porttitor malesuada libero.</p><p style="text-align:justify;">Curabitur sed massa eu urna euismod dapibus. Etiam sit amet ornare tortor. Donec vel nisl ac risus gravida auctor sed vitae est. Morbi semper dolor dictum lorem consectetur pellentesque. Duis ullamcorper lectus ac felis rutrum, tempus pellentesque nulla cursus. Nulla in lectus lacinia, malesuada odio quis, pharetra purus. Suspendisse elementum, tellus id sollicitudin pretium, arcu massa dapibus dolor, quis dignissim nisl sem sed felis.</p><p style="text-align:justify;">Ut enim ipsum, ornare sit amet libero a, mattis sollicitudin nulla. Mauris consequat, eros maximus mattis efficitur, turpis magna fringilla tortor, sit amet volutpat justo ante quis magna. Duis auctor, sem quis fermentum aliquam, lacus ante consectetur purus, ut pellentesque sapien nisi sed elit. Nulla ornare nec mauris nec luctus. Praesent aliquet, tortor in efficitur rhoncus, lectus leo faucibus metus, ut tempor lacus risus a dolor. Donec pharetra iaculis mi, vitae accumsan mauris porta ut. Sed purus velit, venenatis non ullamcorper eget, semper a odio. Duis pulvinar sem a purus lacinia, et tincidunt erat tincidunt. Morbi eget faucibus lacus.</p>	published	2025-10-12 12:12:25.89365+01	2025-10-12 13:08:40.572811+01	2025-10-12 12:13:10.53525+01	1	t	\N	13
3	trial	trial	trial of an article	<figure class="image image_resized" style="width:91.95%;"><img style="aspect-ratio:1920/1080;" src="/media/BeFunky-collage-daycare-hero.png" width="1920" height="1080"></figure>	published	2025-10-21 15:26:35.156772+01	2025-10-21 15:27:21.409988+01	2025-10-21 15:27:21.405741+01	1	f	\N	2
\.


--
-- Data for Name: blog_article_categories; Type: TABLE DATA; Schema: public; Owner: customizer
--

COPY public.blog_article_categories (id, article_id, category_id) FROM stdin;
1	1	1
\.


--
-- Data for Name: blog_attachment; Type: TABLE DATA; Schema: public; Owner: customizer
--

COPY public.blog_attachment (id, wording, link, file_path, attachment_type, created_at, article_id, caption, display_style, image_sizes) FROM stdin;
\.


--
-- Data for Name: blog_category; Type: TABLE DATA; Schema: public; Owner: customizer
--

COPY public.blog_category (id, name, slug, created_at) FROM stdin;
1	School group	school-group	2025-10-14 04:05:00.747491+01
\.


--
-- Data for Name: blog_comment; Type: TABLE DATA; Schema: public; Owner: customizer
--

COPY public.blog_comment (id, user_name, user_email, content, created_at, is_approved, article_id) FROM stdin;
1	customizer	customizer.deb@gmail.com	this is a very good article	2025-10-14 04:00:01.245338+01	t	1
\.


--
-- Data for Name: blog_like; Type: TABLE DATA; Schema: public; Owner: customizer
--

COPY public.blog_like (id, created_at, article_id, user_id) FROM stdin;
1	2025-10-14 04:43:25.229598+01	1	1
\.


--
-- Data for Name: blog_user; Type: TABLE DATA; Schema: public; Owner: customizer
--

COPY public.blog_user (id, name, email, subscribed_at, is_active) FROM stdin;
1	Anonymous	anonymous_8c38e1d8@example.com	2025-10-14 04:43:25.188804+01	t
\.


--
-- Data for Name: django_admin_log; Type: TABLE DATA; Schema: public; Owner: customizer
--

COPY public.django_admin_log (id, action_time, object_id, object_repr, action_flag, change_message, content_type_id, user_id) FROM stdin;
\.


--
-- Data for Name: django_content_type; Type: TABLE DATA; Schema: public; Owner: customizer
--

COPY public.django_content_type (id, app_label, model) FROM stdin;
1	admin	logentry
2	auth	permission
3	auth	group
4	auth	user
5	contenttypes	contenttype
6	sessions	session
7	blog	admin
8	blog	user
9	blog	article
10	blog	attachment
11	blog	comment
12	blog	like
13	blog	category
14	nursery	contactmessage
\.


--
-- Data for Name: django_migrations; Type: TABLE DATA; Schema: public; Owner: customizer
--

COPY public.django_migrations (id, app, name, applied) FROM stdin;
1	contenttypes	0001_initial	2025-10-10 01:56:26.801734+01
2	auth	0001_initial	2025-10-10 01:56:27.576775+01
3	admin	0001_initial	2025-10-10 01:56:27.737104+01
4	admin	0002_logentry_remove_auto_add	2025-10-10 01:56:27.757171+01
5	admin	0003_logentry_add_action_flag_choices	2025-10-10 01:56:27.796183+01
6	contenttypes	0002_remove_content_type_name	2025-10-10 01:56:27.847675+01
7	auth	0002_alter_permission_name_max_length	2025-10-10 01:56:27.886072+01
8	auth	0003_alter_user_email_max_length	2025-10-10 01:56:27.910106+01
9	auth	0004_alter_user_username_opts	2025-10-10 01:56:27.941855+01
10	auth	0005_alter_user_last_login_null	2025-10-10 01:56:27.972134+01
11	auth	0006_require_contenttypes_0002	2025-10-10 01:56:27.983847+01
12	auth	0007_alter_validators_add_error_messages	2025-10-10 01:56:28.022125+01
13	auth	0008_alter_user_username_max_length	2025-10-10 01:56:28.078573+01
14	auth	0009_alter_user_last_name_max_length	2025-10-10 01:56:28.107854+01
15	auth	0010_alter_group_name_max_length	2025-10-10 01:56:28.156093+01
16	auth	0011_update_proxy_permissions	2025-10-10 01:56:28.181848+01
17	auth	0012_alter_user_first_name_max_length	2025-10-10 01:56:28.217878+01
18	blog	0001_initial	2025-10-10 01:56:28.588366+01
19	blog	0002_commenter_alter_attachment_options_article_islike_and_more	2025-10-10 01:56:28.827526+01
20	blog	0003_alter_admin_table_alter_article_table_and_more	2025-10-10 01:56:28.8789+01
21	blog	0004_alter_article_slug	2025-10-10 01:56:28.905632+01
22	blog	0005_article_content_json	2025-10-10 01:56:28.926994+01
23	blog	0006_attachment_caption_attachment_display_style	2025-10-10 01:56:28.963086+01
24	blog	0007_attachment_image_sizes	2025-10-10 01:56:28.98602+01
25	blog	0008_comment_like_delete_commenter_and_more	2025-10-10 01:56:29.432035+01
26	sessions	0001_initial	2025-10-10 01:56:29.598366+01
27	blog	0009_category_remove_article_content_json_admin_role_and_more	2025-10-12 04:48:54.824058+01
28	blog	0010_alter_article_content	2025-10-12 05:16:28.223099+01
29	blog	0011_category_created_at	2025-10-14 04:05:00.778398+01
30	nursery	0001_initial	2025-10-14 04:52:58.123366+01
\.


--
-- Data for Name: django_session; Type: TABLE DATA; Schema: public; Owner: customizer
--

COPY public.django_session (session_key, session_data, expire_date) FROM stdin;
3myqv38mm2ft4f4mmzl1rmjwb1wl2ai1	.eJyrVkpMyc3Mi89MUbIy1IFy8hJzU5WslNyKEvOSsxUi80tSS5Vgcqm5iZk5QMk0sGQlSE7PzMghHSSsl5yfq1QLAKYgHLU:1vBEFD:WZrxIXncLmV9bY4w_Vm1c6loMzK6PwxmX4wA4kYpQwc	2025-10-22 16:25:51.759481+01
mu4o3owmh11tvbc3f6mhz8ukj29eamec	.eJyrVkpMyc3Mi89MUbIy1IFy8hJzU5WslNyKEvOSsxUi80tSS5Vgcqm5iZk5QMk0sGQlSE7PzMghHSSsl5yfq1QLAKYgHLU:1v7uzj:zZr5f9JezLBlTcyL4c_EJ1aDjTLRKsElP2LOfTAw10s	2025-10-13 13:16:11.710692+01
07xelcfxi2f8br1g44sqd1ly2jy7bo3x	.eJyrVkpMyc3Mi89MUbIy1IFy8hJzU5WslNyKEvOSsxUi80tSS5Vgcqm5iZk5QMk0sGQlSE7PzMghHSSsl5yfq1QLAKYgHLU:1vAkVM:w6UjuPYvlV9jF2mt3u8-noA8stGZI8IvtQNPT9OGhZs	2025-10-21 08:40:32.053055+01
\.


--
-- Data for Name: nursery_contactmessage; Type: TABLE DATA; Schema: public; Owner: customizer
--

COPY public.nursery_contactmessage (id, name, email, phone, message, created_at, is_read) FROM stdin;
\.


--
-- Name: admin_id_seq; Type: SEQUENCE SET; Schema: public; Owner: customizer
--

SELECT pg_catalog.setval('public.admin_id_seq', 2, true);


--
-- Name: article_id_seq; Type: SEQUENCE SET; Schema: public; Owner: customizer
--

SELECT pg_catalog.setval('public.article_id_seq', 3, true);


--
-- Name: attachment_id_seq; Type: SEQUENCE SET; Schema: public; Owner: customizer
--

SELECT pg_catalog.setval('public.attachment_id_seq', 1, false);


--
-- Name: auth_group_id_seq; Type: SEQUENCE SET; Schema: public; Owner: customizer
--

SELECT pg_catalog.setval('public.auth_group_id_seq', 1, false);


--
-- Name: auth_group_permissions_id_seq; Type: SEQUENCE SET; Schema: public; Owner: customizer
--

SELECT pg_catalog.setval('public.auth_group_permissions_id_seq', 1, false);


--
-- Name: auth_permission_id_seq; Type: SEQUENCE SET; Schema: public; Owner: customizer
--

SELECT pg_catalog.setval('public.auth_permission_id_seq', 56, true);


--
-- Name: auth_user_groups_id_seq; Type: SEQUENCE SET; Schema: public; Owner: customizer
--

SELECT pg_catalog.setval('public.auth_user_groups_id_seq', 1, false);


--
-- Name: auth_user_id_seq; Type: SEQUENCE SET; Schema: public; Owner: customizer
--

SELECT pg_catalog.setval('public.auth_user_id_seq', 1, false);


--
-- Name: auth_user_user_permissions_id_seq; Type: SEQUENCE SET; Schema: public; Owner: customizer
--

SELECT pg_catalog.setval('public.auth_user_user_permissions_id_seq', 1, false);


--
-- Name: blog_article_categories_id_seq; Type: SEQUENCE SET; Schema: public; Owner: customizer
--

SELECT pg_catalog.setval('public.blog_article_categories_id_seq', 1, true);


--
-- Name: blog_category_id_seq; Type: SEQUENCE SET; Schema: public; Owner: customizer
--

SELECT pg_catalog.setval('public.blog_category_id_seq', 1, true);


--
-- Name: blog_comment_id_seq; Type: SEQUENCE SET; Schema: public; Owner: customizer
--

SELECT pg_catalog.setval('public.blog_comment_id_seq', 1, true);


--
-- Name: blog_like_id_seq; Type: SEQUENCE SET; Schema: public; Owner: customizer
--

SELECT pg_catalog.setval('public.blog_like_id_seq', 1, true);


--
-- Name: django_admin_log_id_seq; Type: SEQUENCE SET; Schema: public; Owner: customizer
--

SELECT pg_catalog.setval('public.django_admin_log_id_seq', 1, false);


--
-- Name: django_content_type_id_seq; Type: SEQUENCE SET; Schema: public; Owner: customizer
--

SELECT pg_catalog.setval('public.django_content_type_id_seq', 14, true);


--
-- Name: django_migrations_id_seq; Type: SEQUENCE SET; Schema: public; Owner: customizer
--

SELECT pg_catalog.setval('public.django_migrations_id_seq', 30, true);


--
-- Name: nursery_contactmessage_id_seq; Type: SEQUENCE SET; Schema: public; Owner: customizer
--

SELECT pg_catalog.setval('public.nursery_contactmessage_id_seq', 1, false);


--
-- Name: user_id_seq; Type: SEQUENCE SET; Schema: public; Owner: customizer
--

SELECT pg_catalog.setval('public.user_id_seq', 1, true);


--
-- Name: blog_admin admin_email_387a5e02_uniq; Type: CONSTRAINT; Schema: public; Owner: customizer
--

ALTER TABLE ONLY public.blog_admin
    ADD CONSTRAINT admin_email_387a5e02_uniq UNIQUE (email);


--
-- Name: blog_admin admin_pkey; Type: CONSTRAINT; Schema: public; Owner: customizer
--

ALTER TABLE ONLY public.blog_admin
    ADD CONSTRAINT admin_pkey PRIMARY KEY (id);


--
-- Name: blog_article article_pkey; Type: CONSTRAINT; Schema: public; Owner: customizer
--

ALTER TABLE ONLY public.blog_article
    ADD CONSTRAINT article_pkey PRIMARY KEY (id);


--
-- Name: blog_article article_slug_key; Type: CONSTRAINT; Schema: public; Owner: customizer
--

ALTER TABLE ONLY public.blog_article
    ADD CONSTRAINT article_slug_key UNIQUE (slug);


--
-- Name: blog_attachment attachment_pkey; Type: CONSTRAINT; Schema: public; Owner: customizer
--

ALTER TABLE ONLY public.blog_attachment
    ADD CONSTRAINT attachment_pkey PRIMARY KEY (id);


--
-- Name: auth_group auth_group_name_key; Type: CONSTRAINT; Schema: public; Owner: customizer
--

ALTER TABLE ONLY public.auth_group
    ADD CONSTRAINT auth_group_name_key UNIQUE (name);


--
-- Name: auth_group_permissions auth_group_permissions_group_id_permission_id_0cd325b0_uniq; Type: CONSTRAINT; Schema: public; Owner: customizer
--

ALTER TABLE ONLY public.auth_group_permissions
    ADD CONSTRAINT auth_group_permissions_group_id_permission_id_0cd325b0_uniq UNIQUE (group_id, permission_id);


--
-- Name: auth_group_permissions auth_group_permissions_pkey; Type: CONSTRAINT; Schema: public; Owner: customizer
--

ALTER TABLE ONLY public.auth_group_permissions
    ADD CONSTRAINT auth_group_permissions_pkey PRIMARY KEY (id);


--
-- Name: auth_group auth_group_pkey; Type: CONSTRAINT; Schema: public; Owner: customizer
--

ALTER TABLE ONLY public.auth_group
    ADD CONSTRAINT auth_group_pkey PRIMARY KEY (id);


--
-- Name: auth_permission auth_permission_content_type_id_codename_01ab375a_uniq; Type: CONSTRAINT; Schema: public; Owner: customizer
--

ALTER TABLE ONLY public.auth_permission
    ADD CONSTRAINT auth_permission_content_type_id_codename_01ab375a_uniq UNIQUE (content_type_id, codename);


--
-- Name: auth_permission auth_permission_pkey; Type: CONSTRAINT; Schema: public; Owner: customizer
--

ALTER TABLE ONLY public.auth_permission
    ADD CONSTRAINT auth_permission_pkey PRIMARY KEY (id);


--
-- Name: auth_user_groups auth_user_groups_pkey; Type: CONSTRAINT; Schema: public; Owner: customizer
--

ALTER TABLE ONLY public.auth_user_groups
    ADD CONSTRAINT auth_user_groups_pkey PRIMARY KEY (id);


--
-- Name: auth_user_groups auth_user_groups_user_id_group_id_94350c0c_uniq; Type: CONSTRAINT; Schema: public; Owner: customizer
--

ALTER TABLE ONLY public.auth_user_groups
    ADD CONSTRAINT auth_user_groups_user_id_group_id_94350c0c_uniq UNIQUE (user_id, group_id);


--
-- Name: auth_user auth_user_pkey; Type: CONSTRAINT; Schema: public; Owner: customizer
--

ALTER TABLE ONLY public.auth_user
    ADD CONSTRAINT auth_user_pkey PRIMARY KEY (id);


--
-- Name: auth_user_user_permissions auth_user_user_permissions_pkey; Type: CONSTRAINT; Schema: public; Owner: customizer
--

ALTER TABLE ONLY public.auth_user_user_permissions
    ADD CONSTRAINT auth_user_user_permissions_pkey PRIMARY KEY (id);


--
-- Name: auth_user_user_permissions auth_user_user_permissions_user_id_permission_id_14a6b632_uniq; Type: CONSTRAINT; Schema: public; Owner: customizer
--

ALTER TABLE ONLY public.auth_user_user_permissions
    ADD CONSTRAINT auth_user_user_permissions_user_id_permission_id_14a6b632_uniq UNIQUE (user_id, permission_id);


--
-- Name: auth_user auth_user_username_key; Type: CONSTRAINT; Schema: public; Owner: customizer
--

ALTER TABLE ONLY public.auth_user
    ADD CONSTRAINT auth_user_username_key UNIQUE (username);


--
-- Name: blog_article_categories blog_article_categories_article_id_category_id_386f3009_uniq; Type: CONSTRAINT; Schema: public; Owner: customizer
--

ALTER TABLE ONLY public.blog_article_categories
    ADD CONSTRAINT blog_article_categories_article_id_category_id_386f3009_uniq UNIQUE (article_id, category_id);


--
-- Name: blog_article_categories blog_article_categories_pkey; Type: CONSTRAINT; Schema: public; Owner: customizer
--

ALTER TABLE ONLY public.blog_article_categories
    ADD CONSTRAINT blog_article_categories_pkey PRIMARY KEY (id);


--
-- Name: blog_category blog_category_name_key; Type: CONSTRAINT; Schema: public; Owner: customizer
--

ALTER TABLE ONLY public.blog_category
    ADD CONSTRAINT blog_category_name_key UNIQUE (name);


--
-- Name: blog_category blog_category_pkey; Type: CONSTRAINT; Schema: public; Owner: customizer
--

ALTER TABLE ONLY public.blog_category
    ADD CONSTRAINT blog_category_pkey PRIMARY KEY (id);


--
-- Name: blog_category blog_category_slug_key; Type: CONSTRAINT; Schema: public; Owner: customizer
--

ALTER TABLE ONLY public.blog_category
    ADD CONSTRAINT blog_category_slug_key UNIQUE (slug);


--
-- Name: blog_comment blog_comment_pkey; Type: CONSTRAINT; Schema: public; Owner: customizer
--

ALTER TABLE ONLY public.blog_comment
    ADD CONSTRAINT blog_comment_pkey PRIMARY KEY (id);


--
-- Name: blog_like blog_like_article_id_user_id_e27d1b95_uniq; Type: CONSTRAINT; Schema: public; Owner: customizer
--

ALTER TABLE ONLY public.blog_like
    ADD CONSTRAINT blog_like_article_id_user_id_e27d1b95_uniq UNIQUE (article_id, user_id);


--
-- Name: blog_like blog_like_pkey; Type: CONSTRAINT; Schema: public; Owner: customizer
--

ALTER TABLE ONLY public.blog_like
    ADD CONSTRAINT blog_like_pkey PRIMARY KEY (id);


--
-- Name: blog_user blog_user_email_8f71103d_uniq; Type: CONSTRAINT; Schema: public; Owner: customizer
--

ALTER TABLE ONLY public.blog_user
    ADD CONSTRAINT blog_user_email_8f71103d_uniq UNIQUE (email);


--
-- Name: django_admin_log django_admin_log_pkey; Type: CONSTRAINT; Schema: public; Owner: customizer
--

ALTER TABLE ONLY public.django_admin_log
    ADD CONSTRAINT django_admin_log_pkey PRIMARY KEY (id);


--
-- Name: django_content_type django_content_type_app_label_model_76bd3d3b_uniq; Type: CONSTRAINT; Schema: public; Owner: customizer
--

ALTER TABLE ONLY public.django_content_type
    ADD CONSTRAINT django_content_type_app_label_model_76bd3d3b_uniq UNIQUE (app_label, model);


--
-- Name: django_content_type django_content_type_pkey; Type: CONSTRAINT; Schema: public; Owner: customizer
--

ALTER TABLE ONLY public.django_content_type
    ADD CONSTRAINT django_content_type_pkey PRIMARY KEY (id);


--
-- Name: django_migrations django_migrations_pkey; Type: CONSTRAINT; Schema: public; Owner: customizer
--

ALTER TABLE ONLY public.django_migrations
    ADD CONSTRAINT django_migrations_pkey PRIMARY KEY (id);


--
-- Name: django_session django_session_pkey; Type: CONSTRAINT; Schema: public; Owner: customizer
--

ALTER TABLE ONLY public.django_session
    ADD CONSTRAINT django_session_pkey PRIMARY KEY (session_key);


--
-- Name: nursery_contactmessage nursery_contactmessage_pkey; Type: CONSTRAINT; Schema: public; Owner: customizer
--

ALTER TABLE ONLY public.nursery_contactmessage
    ADD CONSTRAINT nursery_contactmessage_pkey PRIMARY KEY (id);


--
-- Name: blog_user user_pkey; Type: CONSTRAINT; Schema: public; Owner: customizer
--

ALTER TABLE ONLY public.blog_user
    ADD CONSTRAINT user_pkey PRIMARY KEY (id);


--
-- Name: admin_email_387a5e02_like; Type: INDEX; Schema: public; Owner: customizer
--

CREATE INDEX admin_email_387a5e02_like ON public.blog_admin USING btree (email varchar_pattern_ops);


--
-- Name: article_author_id_01185df5; Type: INDEX; Schema: public; Owner: customizer
--

CREATE INDEX article_author_id_01185df5 ON public.blog_article USING btree (author_id);


--
-- Name: article_slug_8ee1aa1a_like; Type: INDEX; Schema: public; Owner: customizer
--

CREATE INDEX article_slug_8ee1aa1a_like ON public.blog_article USING btree (slug varchar_pattern_ops);


--
-- Name: attachment_article_id_461c2327; Type: INDEX; Schema: public; Owner: customizer
--

CREATE INDEX attachment_article_id_461c2327 ON public.blog_attachment USING btree (article_id);


--
-- Name: auth_group_name_a6ea08ec_like; Type: INDEX; Schema: public; Owner: customizer
--

CREATE INDEX auth_group_name_a6ea08ec_like ON public.auth_group USING btree (name varchar_pattern_ops);


--
-- Name: auth_group_permissions_group_id_b120cbf9; Type: INDEX; Schema: public; Owner: customizer
--

CREATE INDEX auth_group_permissions_group_id_b120cbf9 ON public.auth_group_permissions USING btree (group_id);


--
-- Name: auth_group_permissions_permission_id_84c5c92e; Type: INDEX; Schema: public; Owner: customizer
--

CREATE INDEX auth_group_permissions_permission_id_84c5c92e ON public.auth_group_permissions USING btree (permission_id);


--
-- Name: auth_permission_content_type_id_2f476e4b; Type: INDEX; Schema: public; Owner: customizer
--

CREATE INDEX auth_permission_content_type_id_2f476e4b ON public.auth_permission USING btree (content_type_id);


--
-- Name: auth_user_groups_group_id_97559544; Type: INDEX; Schema: public; Owner: customizer
--

CREATE INDEX auth_user_groups_group_id_97559544 ON public.auth_user_groups USING btree (group_id);


--
-- Name: auth_user_groups_user_id_6a12ed8b; Type: INDEX; Schema: public; Owner: customizer
--

CREATE INDEX auth_user_groups_user_id_6a12ed8b ON public.auth_user_groups USING btree (user_id);


--
-- Name: auth_user_user_permissions_permission_id_1fbb5f2c; Type: INDEX; Schema: public; Owner: customizer
--

CREATE INDEX auth_user_user_permissions_permission_id_1fbb5f2c ON public.auth_user_user_permissions USING btree (permission_id);


--
-- Name: auth_user_user_permissions_user_id_a95ead1b; Type: INDEX; Schema: public; Owner: customizer
--

CREATE INDEX auth_user_user_permissions_user_id_a95ead1b ON public.auth_user_user_permissions USING btree (user_id);


--
-- Name: auth_user_username_6821ab7c_like; Type: INDEX; Schema: public; Owner: customizer
--

CREATE INDEX auth_user_username_6821ab7c_like ON public.auth_user USING btree (username varchar_pattern_ops);


--
-- Name: blog_article_categories_article_id_a381b6b5; Type: INDEX; Schema: public; Owner: customizer
--

CREATE INDEX blog_article_categories_article_id_a381b6b5 ON public.blog_article_categories USING btree (article_id);


--
-- Name: blog_article_categories_category_id_1ce80de0; Type: INDEX; Schema: public; Owner: customizer
--

CREATE INDEX blog_article_categories_category_id_1ce80de0 ON public.blog_article_categories USING btree (category_id);


--
-- Name: blog_article_showcase_image_id_15a8e04d; Type: INDEX; Schema: public; Owner: customizer
--

CREATE INDEX blog_article_showcase_image_id_15a8e04d ON public.blog_article USING btree (showcase_image_id);


--
-- Name: blog_category_name_92eb1483_like; Type: INDEX; Schema: public; Owner: customizer
--

CREATE INDEX blog_category_name_92eb1483_like ON public.blog_category USING btree (name varchar_pattern_ops);


--
-- Name: blog_category_slug_92643dc5_like; Type: INDEX; Schema: public; Owner: customizer
--

CREATE INDEX blog_category_slug_92643dc5_like ON public.blog_category USING btree (slug varchar_pattern_ops);


--
-- Name: blog_comment_article_id_3d58bca6; Type: INDEX; Schema: public; Owner: customizer
--

CREATE INDEX blog_comment_article_id_3d58bca6 ON public.blog_comment USING btree (article_id);


--
-- Name: blog_like_article_id_880d1582; Type: INDEX; Schema: public; Owner: customizer
--

CREATE INDEX blog_like_article_id_880d1582 ON public.blog_like USING btree (article_id);


--
-- Name: blog_like_user_id_06356ade; Type: INDEX; Schema: public; Owner: customizer
--

CREATE INDEX blog_like_user_id_06356ade ON public.blog_like USING btree (user_id);


--
-- Name: blog_user_email_8f71103d_like; Type: INDEX; Schema: public; Owner: customizer
--

CREATE INDEX blog_user_email_8f71103d_like ON public.blog_user USING btree (email varchar_pattern_ops);


--
-- Name: django_admin_log_content_type_id_c4bce8eb; Type: INDEX; Schema: public; Owner: customizer
--

CREATE INDEX django_admin_log_content_type_id_c4bce8eb ON public.django_admin_log USING btree (content_type_id);


--
-- Name: django_admin_log_user_id_c564eba6; Type: INDEX; Schema: public; Owner: customizer
--

CREATE INDEX django_admin_log_user_id_c564eba6 ON public.django_admin_log USING btree (user_id);


--
-- Name: django_session_expire_date_a5c62663; Type: INDEX; Schema: public; Owner: customizer
--

CREATE INDEX django_session_expire_date_a5c62663 ON public.django_session USING btree (expire_date);


--
-- Name: django_session_session_key_c0390e0f_like; Type: INDEX; Schema: public; Owner: customizer
--

CREATE INDEX django_session_session_key_c0390e0f_like ON public.django_session USING btree (session_key varchar_pattern_ops);


--
-- Name: blog_article article_author_id_01185df5_fk_admin_id; Type: FK CONSTRAINT; Schema: public; Owner: customizer
--

ALTER TABLE ONLY public.blog_article
    ADD CONSTRAINT article_author_id_01185df5_fk_admin_id FOREIGN KEY (author_id) REFERENCES public.blog_admin(id) DEFERRABLE INITIALLY DEFERRED;


--
-- Name: blog_attachment attachment_article_id_461c2327_fk_article_id; Type: FK CONSTRAINT; Schema: public; Owner: customizer
--

ALTER TABLE ONLY public.blog_attachment
    ADD CONSTRAINT attachment_article_id_461c2327_fk_article_id FOREIGN KEY (article_id) REFERENCES public.blog_article(id) DEFERRABLE INITIALLY DEFERRED;


--
-- Name: auth_group_permissions auth_group_permissio_permission_id_84c5c92e_fk_auth_perm; Type: FK CONSTRAINT; Schema: public; Owner: customizer
--

ALTER TABLE ONLY public.auth_group_permissions
    ADD CONSTRAINT auth_group_permissio_permission_id_84c5c92e_fk_auth_perm FOREIGN KEY (permission_id) REFERENCES public.auth_permission(id) DEFERRABLE INITIALLY DEFERRED;


--
-- Name: auth_group_permissions auth_group_permissions_group_id_b120cbf9_fk_auth_group_id; Type: FK CONSTRAINT; Schema: public; Owner: customizer
--

ALTER TABLE ONLY public.auth_group_permissions
    ADD CONSTRAINT auth_group_permissions_group_id_b120cbf9_fk_auth_group_id FOREIGN KEY (group_id) REFERENCES public.auth_group(id) DEFERRABLE INITIALLY DEFERRED;


--
-- Name: auth_permission auth_permission_content_type_id_2f476e4b_fk_django_co; Type: FK CONSTRAINT; Schema: public; Owner: customizer
--

ALTER TABLE ONLY public.auth_permission
    ADD CONSTRAINT auth_permission_content_type_id_2f476e4b_fk_django_co FOREIGN KEY (content_type_id) REFERENCES public.django_content_type(id) DEFERRABLE INITIALLY DEFERRED;


--
-- Name: auth_user_groups auth_user_groups_group_id_97559544_fk_auth_group_id; Type: FK CONSTRAINT; Schema: public; Owner: customizer
--

ALTER TABLE ONLY public.auth_user_groups
    ADD CONSTRAINT auth_user_groups_group_id_97559544_fk_auth_group_id FOREIGN KEY (group_id) REFERENCES public.auth_group(id) DEFERRABLE INITIALLY DEFERRED;


--
-- Name: auth_user_groups auth_user_groups_user_id_6a12ed8b_fk_auth_user_id; Type: FK CONSTRAINT; Schema: public; Owner: customizer
--

ALTER TABLE ONLY public.auth_user_groups
    ADD CONSTRAINT auth_user_groups_user_id_6a12ed8b_fk_auth_user_id FOREIGN KEY (user_id) REFERENCES public.auth_user(id) DEFERRABLE INITIALLY DEFERRED;


--
-- Name: auth_user_user_permissions auth_user_user_permi_permission_id_1fbb5f2c_fk_auth_perm; Type: FK CONSTRAINT; Schema: public; Owner: customizer
--

ALTER TABLE ONLY public.auth_user_user_permissions
    ADD CONSTRAINT auth_user_user_permi_permission_id_1fbb5f2c_fk_auth_perm FOREIGN KEY (permission_id) REFERENCES public.auth_permission(id) DEFERRABLE INITIALLY DEFERRED;


--
-- Name: auth_user_user_permissions auth_user_user_permissions_user_id_a95ead1b_fk_auth_user_id; Type: FK CONSTRAINT; Schema: public; Owner: customizer
--

ALTER TABLE ONLY public.auth_user_user_permissions
    ADD CONSTRAINT auth_user_user_permissions_user_id_a95ead1b_fk_auth_user_id FOREIGN KEY (user_id) REFERENCES public.auth_user(id) DEFERRABLE INITIALLY DEFERRED;


--
-- Name: blog_article_categories blog_article_categor_category_id_1ce80de0_fk_blog_cate; Type: FK CONSTRAINT; Schema: public; Owner: customizer
--

ALTER TABLE ONLY public.blog_article_categories
    ADD CONSTRAINT blog_article_categor_category_id_1ce80de0_fk_blog_cate FOREIGN KEY (category_id) REFERENCES public.blog_category(id) DEFERRABLE INITIALLY DEFERRED;


--
-- Name: blog_article_categories blog_article_categories_article_id_a381b6b5_fk_blog_article_id; Type: FK CONSTRAINT; Schema: public; Owner: customizer
--

ALTER TABLE ONLY public.blog_article_categories
    ADD CONSTRAINT blog_article_categories_article_id_a381b6b5_fk_blog_article_id FOREIGN KEY (article_id) REFERENCES public.blog_article(id) DEFERRABLE INITIALLY DEFERRED;


--
-- Name: blog_article blog_article_showcase_image_id_15a8e04d_fk_blog_attachment_id; Type: FK CONSTRAINT; Schema: public; Owner: customizer
--

ALTER TABLE ONLY public.blog_article
    ADD CONSTRAINT blog_article_showcase_image_id_15a8e04d_fk_blog_attachment_id FOREIGN KEY (showcase_image_id) REFERENCES public.blog_attachment(id) DEFERRABLE INITIALLY DEFERRED;


--
-- Name: blog_comment blog_comment_article_id_3d58bca6_fk_blog_article_id; Type: FK CONSTRAINT; Schema: public; Owner: customizer
--

ALTER TABLE ONLY public.blog_comment
    ADD CONSTRAINT blog_comment_article_id_3d58bca6_fk_blog_article_id FOREIGN KEY (article_id) REFERENCES public.blog_article(id) DEFERRABLE INITIALLY DEFERRED;


--
-- Name: blog_like blog_like_article_id_880d1582_fk_blog_article_id; Type: FK CONSTRAINT; Schema: public; Owner: customizer
--

ALTER TABLE ONLY public.blog_like
    ADD CONSTRAINT blog_like_article_id_880d1582_fk_blog_article_id FOREIGN KEY (article_id) REFERENCES public.blog_article(id) DEFERRABLE INITIALLY DEFERRED;


--
-- Name: blog_like blog_like_user_id_06356ade_fk_blog_user_id; Type: FK CONSTRAINT; Schema: public; Owner: customizer
--

ALTER TABLE ONLY public.blog_like
    ADD CONSTRAINT blog_like_user_id_06356ade_fk_blog_user_id FOREIGN KEY (user_id) REFERENCES public.blog_user(id) DEFERRABLE INITIALLY DEFERRED;


--
-- Name: django_admin_log django_admin_log_content_type_id_c4bce8eb_fk_django_co; Type: FK CONSTRAINT; Schema: public; Owner: customizer
--

ALTER TABLE ONLY public.django_admin_log
    ADD CONSTRAINT django_admin_log_content_type_id_c4bce8eb_fk_django_co FOREIGN KEY (content_type_id) REFERENCES public.django_content_type(id) DEFERRABLE INITIALLY DEFERRED;


--
-- Name: django_admin_log django_admin_log_user_id_c564eba6_fk_auth_user_id; Type: FK CONSTRAINT; Schema: public; Owner: customizer
--

ALTER TABLE ONLY public.django_admin_log
    ADD CONSTRAINT django_admin_log_user_id_c564eba6_fk_auth_user_id FOREIGN KEY (user_id) REFERENCES public.auth_user(id) DEFERRABLE INITIALLY DEFERRED;


--
-- PostgreSQL database dump complete
--

\unrestrict 3wa6ZIH5JIVbgJc0TDZx6hXRgYtQBDqeFZBzKUPzyOZwXHDyyN1TRh9kRILi1hY

